Metric,Value
Accuracy,0.7406672678088367
Precision,0.7288969940055592
Recall,0.7406672678088367
F1 Score,0.7301342080316012
